www.alemdocodigo.pt/,https://alemdocodigo.pt/,301,TRUE,FALSE,TRUE,TRUE
alemdocodigo.pt/creditocasa-pt/,https://alemdocodigo.pt/,301,TRUE,TRUE,TRUE,FALSE
alemdocodigo.pt/crm-intermediacao-de-credito/,https://alemdocodigo.pt/,301,TRUE,TRUE,TRUE,FALSE
alemdocodigo.pt/portinsurance-pt/,https://alemdocodigo.pt/,301,TRUE,TRUE,TRUE,FALSE
alemdocodigo.pt/one-insurance/,https://alemdocodigo.pt/,301,TRUE,TRUE,TRUE,FALSE
alemdocodigo.pt/backoffice-tuacasa-pt/,https://alemdocodigo.pt/,301,TRUE,TRUE,TRUE,FALSE
alemdocodigo.pt/direitolegal-pt/,https://alemdocodigo.pt/,301,TRUE,TRUE,TRUE,FALSE
alemdocodigo.pt/recomenda-pt/,https://alemdocodigo.pt/,301,TRUE,TRUE,TRUE,FALSE
alemdocodigo.pt/modelos/,https://alemdocodigo.pt/,301,TRUE,TRUE,TRUE,FALSE
alemdocodigo.pt/modelos_de_site/,https://alemdocodigo.pt/,301,TRUE,TRUE,TRUE,FALSE
alemdocodigo.pt/sites-para-intermediarios-de-credito/,https://alemdocodigo.pt/,301,TRUE,TRUE,TRUE,FALSE
alemdocodigo.pt/category/projetos/,https://alemdocodigo.pt/,301,TRUE,TRUE,TRUE,FALSE
alemdocodigo.pt/category/intermediacao-de-creditos/,https://alemdocodigo.pt/,301,TRUE,TRUE,TRUE,FALSE
alemdocodigo.pt/manutencao/,https://alemdocodigo.pt/,301,TRUE,TRUE,TRUE,FALSE
alemdocodigo.pt/politica-de-cookies-ue/,https://alemdocodigo.pt/,301,TRUE,TRUE,TRUE,FALSE
alemdocodigo.pt/politica-de-privacidade-lusoinvoice/,https://alemdocodigo.pt/,301,TRUE,TRUE,TRUE,FALSE
alemdocodigo.pt/wp-sitemap.xml,https://alemdocodigo.pt/sitemap.xml,301,TRUE,TRUE,FALSE,FALSE
alemdocodigo.pt/sitemap_index.xml,https://alemdocodigo.pt/sitemap.xml,301,TRUE,TRUE,FALSE,FALSE
